2016, Toyota, Tacoma
2014, Nissan, sentra
2003, Chevy, camaro
1997, Jeep, Cherokee
2009, Ford, F150
2015, Chevy, equinox 
2016, Toyota, Tacoma
2014, Nissan, sentra
2003, Chevy, camaro
1997, Jeep, Cherokee
2009, Ford, F150
2015, Chevy, equinox 
2016, Toyota, Tacoma
2014, Nissan, sentra
2003, Chevy, camaro
1997, Jeep, Cherokee
2009, Ford, F150
2015, Chevy, equinox 
2016, Toyota, Tacoma
2014, Nissan, sentra
2003, Chevy, camaro
1997, Jeep, Cherokee
2009, Ford, F150
2015, Chevy, equinox 
2016, Toyota, Tacoma
2014, Nissan, sentra
2003, Chevy, camaro
1997, Jeep, Cherokee
2009, Ford, F150
2015, Chevy, equinox 
